service,anomaly_type,label,repeat,duration_s,start_iso,end_iso,status
carts,CPU_HOG,1,0,86,2026-07-30T18:28:59.653331+00:00,2026-07-30T18:30:38.005836+00:00,ok
carts,MEMORY_LEAK,2,0,225,2026-07-30T18:32:38.006585+00:00,2026-07-30T18:36:35.579422+00:00,ok
carts,NETWORK_LATENCY,3,0,291,2026-07-30T18:38:35.580411+00:00,2026-07-30T18:43:30.287365+00:00,ok
catalogue,CPU_HOG,1,0,293,2026-07-30T18:45:30.298562+00:00,2026-07-30T18:50:27.374126+00:00,ok
catalogue,MEMORY_LEAK,2,0,185,2026-07-30T18:52:27.376559+00:00,2026-07-30T18:55:35.212182+00:00,ok
catalogue,NETWORK_LATENCY,3,0,154,2026-07-30T18:57:35.213586+00:00,2026-07-30T18:57:37.071166+00:00,"failed: evel=fatal msg=""running delay: error running chaos command: failed to delay packets for one or more containers: netem failed: error running tc command on container: qdisc add dev eth0 root netem delay 500ms 10ms 20.00: tc qdisc add dev eth0 root netem delay 500ms 10ms 20.00 failed with exit code 2""
"
front-end,CPU_HOG,1,0,163,2026-07-30T18:59:37.071635+00:00,2026-07-30T18:59:37.186740+00:00,ok
front-end,MEMORY_LEAK,2,0,86,2026-07-30T19:01:37.187147+00:00,2026-07-30T19:01:37.311873+00:00,ok
front-end,NETWORK_LATENCY,3,0,280,2026-07-30T19:03:37.312233+00:00,2026-07-30T19:03:37.419364+00:00,ok
orders,CPU_HOG,1,0,138,2026-07-30T19:05:37.419853+00:00,2026-07-30T19:07:59.460049+00:00,ok
orders,MEMORY_LEAK,2,0,136,2026-07-30T19:09:59.460537+00:00,2026-07-30T19:12:18.850273+00:00,ok
orders,NETWORK_LATENCY,3,0,240,2026-07-30T19:14:18.850740+00:00,2026-07-30T19:18:22.451630+00:00,ok
payment,CPU_HOG,1,0,247,2026-07-30T19:20:22.452104+00:00,2026-07-30T19:24:36.429107+00:00,ok
payment,MEMORY_LEAK,2,0,293,2026-07-30T19:26:36.429797+00:00,2026-07-30T19:31:33.034184+00:00,ok
payment,NETWORK_LATENCY,3,0,292,2026-07-30T19:33:33.044717+00:00,2026-07-30T19:38:28.557597+00:00,ok
shipping,CPU_HOG,1,0,159,2026-07-30T19:40:28.568751+00:00,2026-07-30T19:43:11.521120+00:00,ok
shipping,MEMORY_LEAK,2,0,245,2026-07-30T19:45:11.521908+00:00,2026-07-30T19:49:19.728639+00:00,ok
shipping,NETWORK_LATENCY,3,0,72,2026-07-30T19:51:19.737430+00:00,2026-07-30T19:52:35.894388+00:00,ok
user,CPU_HOG,1,0,298,2026-07-30T19:54:35.894758+00:00,2026-07-30T19:59:36.632672+00:00,ok
user,MEMORY_LEAK,2,0,243,2026-07-30T20:01:36.644299+00:00,2026-07-30T20:05:42.943829+00:00,ok
user,NETWORK_LATENCY,3,0,195,2026-07-30T20:07:42.954435+00:00,2026-07-30T20:11:01.198811+00:00,ok
carts,CPU_HOG,1,1,101,2026-07-30T20:13:01.209816+00:00,2026-07-30T20:14:45.684642+00:00,ok
carts,MEMORY_LEAK,2,1,156,2026-07-30T20:16:45.690857+00:00,2026-07-30T20:19:25.172249+00:00,ok
carts,NETWORK_LATENCY,3,1,90,2026-07-30T20:21:25.173307+00:00,2026-07-30T20:22:58.867804+00:00,ok
catalogue,CPU_HOG,1,1,126,2026-07-30T20:24:58.868576+00:00,2026-07-30T20:27:07.471382+00:00,ok
catalogue,MEMORY_LEAK,2,1,261,2026-07-30T20:29:07.482633+00:00,2026-07-30T20:33:31.782060+00:00,ok
catalogue,NETWORK_LATENCY,3,1,210,2026-07-30T20:35:31.792641+00:00,2026-07-30T20:35:33.695012+00:00,"failed: evel=fatal msg=""running delay: error running chaos command: failed to delay packets for one or more containers: netem failed: error running tc command on container: qdisc add dev eth0 root netem delay 500ms 10ms 20.00: tc qdisc add dev eth0 root netem delay 500ms 10ms 20.00 failed with exit code 2""
"
front-end,CPU_HOG,1,1,257,2026-07-30T20:37:33.695290+00:00,2026-07-30T20:41:53.307764+00:00,ok
front-end,MEMORY_LEAK,2,1,270,2026-07-30T20:43:53.309375+00:00,2026-07-30T20:43:53.441049+00:00,ok
front-end,NETWORK_LATENCY,3,1,69,2026-07-30T20:45:53.441365+00:00,2026-07-30T20:45:53.557433+00:00,ok
orders,CPU_HOG,1,1,244,2026-07-30T20:47:53.558294+00:00,2026-07-30T20:52:00.974309+00:00,ok
orders,MEMORY_LEAK,2,1,247,2026-07-30T20:54:00.974744+00:00,2026-07-30T20:58:11.351581+00:00,ok
orders,NETWORK_LATENCY,3,1,88,2026-07-30T21:00:11.352636+00:00,2026-07-30T21:01:46.548854+00:00,ok
payment,CPU_HOG,1,1,186,2026-07-30T21:03:46.560450+00:00,2026-07-30T21:06:56.718596+00:00,ok
payment,MEMORY_LEAK,2,1,239,2026-07-30T21:08:56.719660+00:00,2026-07-30T21:12:59.439305+00:00,ok
payment,NETWORK_LATENCY,3,1,189,2026-07-30T21:14:59.440179+00:00,2026-07-30T21:15:01.244719+00:00,"failed: evel=fatal msg=""running delay: error running chaos command: failed to delay packets for one or more containers: netem failed: error running tc command on container: qdisc add dev eth0 root netem delay 500ms 10ms 20.00: tc qdisc add dev eth0 root netem delay 500ms 10ms 20.00 failed with exit code 2""
"
shipping,CPU_HOG,1,1,104,2026-07-30T21:17:01.245137+00:00,2026-07-30T21:18:48.722289+00:00,ok
shipping,MEMORY_LEAK,2,1,289,2026-07-30T21:20:48.723958+00:00,2026-07-30T21:25:41.437461+00:00,ok
shipping,NETWORK_LATENCY,3,1,72,2026-07-30T21:27:41.448796+00:00,2026-07-30T21:28:57.000346+00:00,ok
user,CPU_HOG,1,1,157,2026-07-30T21:30:57.011885+00:00,2026-07-30T21:33:37.652697+00:00,ok
user,MEMORY_LEAK,2,1,99,2026-07-30T21:35:37.663631+00:00,2026-07-30T21:37:20.056008+00:00,ok
user,NETWORK_LATENCY,3,1,271,2026-07-30T21:39:20.058276+00:00,2026-07-30T21:39:21.735816+00:00,"failed: evel=fatal msg=""running delay: error running chaos command: failed to delay packets for one or more containers: netem failed: error running tc command on container: qdisc add dev eth0 root netem delay 500ms 10ms 20.00: tc qdisc add dev eth0 root netem delay 500ms 10ms 20.00 failed with exit code 2""
"
carts,CPU_HOG,1,2,121,2026-07-30T21:41:21.736682+00:00,2026-07-30T21:43:26.089435+00:00,ok
carts,MEMORY_LEAK,2,2,236,2026-07-30T21:45:26.090317+00:00,2026-07-30T21:49:25.688965+00:00,ok
carts,NETWORK_LATENCY,3,2,268,2026-07-30T21:51:25.690304+00:00,2026-07-30T21:54:15.296756+00:00,"failed: ror running chaos command: failed to delay packets for one or more containers: netem failed: failed to pull tc-img: Error response from daemon: Head \""https://ghcr.io/v2/alexei-led/pumba-alpine-nettools/manifests/latest\"": read tcp 192.168.49.2:45126->20.205.243.164:443: read: connection timed out""
"
catalogue,CPU_HOG,1,2,156,2026-07-30T21:56:15.307236+00:00,2026-07-30T21:58:55.281141+00:00,ok
catalogue,MEMORY_LEAK,2,2,228,2026-07-30T22:00:55.282712+00:00,2026-07-30T22:04:46.801132+00:00,ok
catalogue,NETWORK_LATENCY,3,2,254,2026-07-30T22:06:46.811995+00:00,2026-07-30T22:06:48.615871+00:00,"failed: evel=fatal msg=""running delay: error running chaos command: failed to delay packets for one or more containers: netem failed: error running tc command on container: qdisc add dev eth0 root netem delay 500ms 10ms 20.00: tc qdisc add dev eth0 root netem delay 500ms 10ms 20.00 failed with exit code 2""
"
front-end,CPU_HOG,1,2,62,2026-07-30T22:08:48.616162+00:00,2026-07-30T22:08:48.717558+00:00,ok
front-end,MEMORY_LEAK,2,2,101,2026-07-30T22:10:48.717963+00:00,2026-07-30T22:10:48.858611+00:00,ok
front-end,NETWORK_LATENCY,3,2,276,2026-07-30T22:12:48.859069+00:00,2026-07-30T22:17:27.971023+00:00,ok
orders,CPU_HOG,1,2,283,2026-07-30T22:19:27.981841+00:00,2026-07-30T22:24:13.768155+00:00,ok
orders,MEMORY_LEAK,2,2,224,2026-07-30T22:26:13.779174+00:00,2026-07-30T22:30:01.151874+00:00,ok
orders,NETWORK_LATENCY,3,2,177,2026-07-30T22:32:01.162487+00:00,2026-07-30T22:35:01.544791+00:00,ok
payment,CPU_HOG,1,2,158,2026-07-30T22:37:01.545606+00:00,2026-07-30T22:39:44.424596+00:00,ok
payment,MEMORY_LEAK,2,2,212,2026-07-30T22:41:44.425404+00:00,2026-07-30T22:45:20.232565+00:00,ok
payment,NETWORK_LATENCY,3,2,165,2026-07-30T22:47:20.233535+00:00,2026-07-30T22:47:21.968757+00:00,"failed: evel=fatal msg=""running delay: error running chaos command: failed to delay packets for one or more containers: netem failed: error running tc command on container: qdisc add dev eth0 root netem delay 500ms 10ms 20.00: tc qdisc add dev eth0 root netem delay 500ms 10ms 20.00 failed with exit code 2""
"
shipping,CPU_HOG,1,2,86,2026-07-30T22:49:21.979297+00:00,2026-07-30T22:50:50.724156+00:00,ok
shipping,MEMORY_LEAK,2,2,61,2026-07-30T22:52:50.734631+00:00,2026-07-30T22:53:55.031345+00:00,ok
shipping,NETWORK_LATENCY,3,2,279,2026-07-30T22:55:55.042553+00:00,2026-07-30T23:00:37.462526+00:00,ok
user,CPU_HOG,1,2,66,2026-07-30T23:02:37.473393+00:00,2026-07-30T23:03:46.230740+00:00,ok
user,MEMORY_LEAK,2,2,84,2026-07-30T23:05:46.231576+00:00,2026-07-30T23:07:13.729027+00:00,ok
user,NETWORK_LATENCY,3,2,217,2026-07-30T23:09:13.739666+00:00,2026-07-30T23:09:15.536780+00:00,"failed: evel=fatal msg=""running delay: error running chaos command: failed to delay packets for one or more containers: netem failed: error running tc command on container: qdisc add dev eth0 root netem delay 500ms 10ms 20.00: tc qdisc add dev eth0 root netem delay 500ms 10ms 20.00 failed with exit code 2""
"
carts,CPU_HOG,1,3,292,2026-07-30T23:11:15.547369+00:00,2026-07-30T23:16:11.385007+00:00,ok
carts,MEMORY_LEAK,2,3,120,2026-07-30T23:18:11.386477+00:00,2026-07-30T23:20:14.234669+00:00,ok
carts,NETWORK_LATENCY,3,3,146,2026-07-30T23:22:14.237003+00:00,2026-07-30T23:24:43.579817+00:00,ok
catalogue,CPU_HOG,1,3,86,2026-07-30T23:26:43.590431+00:00,2026-07-30T23:28:12.981574+00:00,ok
catalogue,MEMORY_LEAK,2,3,152,2026-07-30T23:30:12.993053+00:00,2026-07-30T23:32:47.728228+00:00,ok
catalogue,NETWORK_LATENCY,3,3,191,2026-07-30T23:34:47.741153+00:00,2026-07-30T23:34:49.780312+00:00,"failed: evel=fatal msg=""running delay: error running chaos command: failed to delay packets for one or more containers: netem failed: error running tc command on container: qdisc add dev eth0 root netem delay 500ms 10ms 20.00: tc qdisc add dev eth0 root netem delay 500ms 10ms 20.00 failed with exit code 2""
"
front-end,CPU_HOG,1,3,77,2026-07-30T23:36:49.781377+00:00,2026-07-30T23:38:10.237493+00:00,ok
front-end,MEMORY_LEAK,2,3,87,2026-07-30T23:40:10.243759+00:00,2026-07-30T23:41:40.641013+00:00,ok
front-end,NETWORK_LATENCY,3,3,67,2026-07-30T23:43:40.642678+00:00,2026-07-30T23:43:42.472702+00:00,"failed: evel=fatal msg=""running delay: error running chaos command: failed to delay packets for one or more containers: netem failed: error running tc command on container: qdisc add dev eth0 root netem delay 500ms 10ms 20.00: tc qdisc add dev eth0 root netem delay 500ms 10ms 20.00 failed with exit code 2""
"
orders,CPU_HOG,1,3,185,2026-07-30T23:45:42.473055+00:00,2026-07-30T23:48:50.894900+00:00,ok
orders,MEMORY_LEAK,2,3,136,2026-07-30T23:50:50.895656+00:00,2026-07-30T23:53:10.677423+00:00,ok
orders,NETWORK_LATENCY,3,3,210,2026-07-30T23:55:10.678202+00:00,2026-07-30T23:58:44.237808+00:00,ok
payment,CPU_HOG,1,3,116,2026-07-31T00:00:44.238884+00:00,2026-07-31T00:02:45.180761+00:00,ok
payment,MEMORY_LEAK,2,3,120,2026-07-31T00:04:45.184532+00:00,2026-07-31T00:06:48.497129+00:00,ok
payment,NETWORK_LATENCY,3,3,169,2026-07-31T00:08:48.500188+00:00,2026-07-31T00:08:50.321420+00:00,"failed: evel=fatal msg=""running delay: error running chaos command: failed to delay packets for one or more containers: netem failed: error running tc command on container: qdisc add dev eth0 root netem delay 500ms 10ms 20.00: tc qdisc add dev eth0 root netem delay 500ms 10ms 20.00 failed with exit code 2""
"
shipping,CPU_HOG,1,3,130,2026-07-31T00:10:50.321993+00:00,2026-07-31T00:13:03.697632+00:00,ok
shipping,MEMORY_LEAK,2,3,138,2026-07-31T00:15:03.700955+00:00,2026-07-31T00:17:24.549796+00:00,ok
shipping,NETWORK_LATENCY,3,3,110,2026-07-31T00:19:24.552755+00:00,2026-07-31T00:21:18.420607+00:00,ok
user,CPU_HOG,1,3,201,2026-07-31T00:23:18.422476+00:00,2026-07-31T00:26:43.282216+00:00,ok
user,MEMORY_LEAK,2,3,199,2026-07-31T00:28:43.283130+00:00,2026-07-31T00:32:05.747469+00:00,ok
user,NETWORK_LATENCY,3,3,256,2026-07-31T00:34:05.750850+00:00,2026-07-31T00:34:07.772197+00:00,"failed: evel=fatal msg=""running delay: error running chaos command: failed to delay packets for one or more containers: netem failed: error running tc command on container: qdisc add dev eth0 root netem delay 500ms 10ms 20.00: tc qdisc add dev eth0 root netem delay 500ms 10ms 20.00 failed with exit code 2""
"
carts,CPU_HOG,1,4,103,2026-07-31T00:36:07.772716+00:00,2026-07-31T00:37:54.830130+00:00,ok
carts,MEMORY_LEAK,2,4,142,2026-07-31T00:39:54.832614+00:00,2026-07-31T00:42:20.219600+00:00,ok
carts,NETWORK_LATENCY,3,4,133,2026-07-31T00:44:20.222755+00:00,2026-07-31T00:46:37.107095+00:00,ok
catalogue,CPU_HOG,1,4,252,2026-07-31T00:48:37.108911+00:00,2026-07-31T00:52:53.497935+00:00,ok
catalogue,MEMORY_LEAK,2,4,141,2026-07-31T00:54:53.511638+00:00,2026-07-31T00:57:17.891150+00:00,ok
catalogue,NETWORK_LATENCY,3,4,286,2026-07-31T00:59:17.902987+00:00,2026-07-31T00:59:19.787445+00:00,"failed: evel=fatal msg=""running delay: error running chaos command: failed to delay packets for one or more containers: netem failed: error running tc command on container: qdisc add dev eth0 root netem delay 500ms 10ms 20.00: tc qdisc add dev eth0 root netem delay 500ms 10ms 20.00 failed with exit code 2""
"
front-end,CPU_HOG,1,4,219,2026-07-31T01:01:19.788971+00:00,2026-07-31T01:05:02.099655+00:00,ok
front-end,MEMORY_LEAK,2,4,212,2026-07-31T01:07:02.110410+00:00,2026-07-31T01:10:37.507978+00:00,ok
front-end,NETWORK_LATENCY,3,4,272,2026-07-31T01:12:37.508995+00:00,2026-07-31T01:12:37.626252+00:00,ok
orders,CPU_HOG,1,4,136,2026-07-31T01:14:37.626980+00:00,2026-07-31T01:16:57.056083+00:00,ok
orders,MEMORY_LEAK,2,4,256,2026-07-31T01:18:57.059418+00:00,2026-07-31T01:23:16.457277+00:00,ok
orders,NETWORK_LATENCY,3,4,235,2026-07-31T01:25:16.458184+00:00,2026-07-31T01:29:14.962070+00:00,ok
payment,CPU_HOG,1,4,234,2026-07-31T01:31:14.962737+00:00,2026-07-31T01:35:13.354779+00:00,ok
payment,MEMORY_LEAK,2,4,252,2026-07-31T01:37:13.355347+00:00,2026-07-31T01:41:29.222295+00:00,ok
payment,NETWORK_LATENCY,3,4,252,2026-07-31T01:43:29.223228+00:00,2026-07-31T01:43:31.296598+00:00,"failed: evel=fatal msg=""running delay: error running chaos command: failed to delay packets for one or more containers: netem failed: error running tc command on container: qdisc add dev eth0 root netem delay 500ms 10ms 20.00: tc qdisc add dev eth0 root netem delay 500ms 10ms 20.00 failed with exit code 2""
"
shipping,CPU_HOG,1,4,162,2026-07-31T01:45:31.297627+00:00,2026-07-31T01:48:17.081086+00:00,ok
shipping,MEMORY_LEAK,2,4,249,2026-07-31T01:50:17.091900+00:00,2026-07-31T03:22:35.569366+00:00,ok
shipping,NETWORK_LATENCY,3,4,167,2026-07-31T03:24:35.573923+00:00,2026-07-31T03:27:26.190837+00:00,ok
user,CPU_HOG,1,4,231,2026-07-31T03:29:26.201733+00:00,2026-07-31T03:33:19.795094+00:00,ok
user,MEMORY_LEAK,2,4,281,2026-07-31T03:35:19.806133+00:00,2026-07-31T03:40:04.015420+00:00,ok
user,NETWORK_LATENCY,3,4,284,2026-07-31T03:42:04.016561+00:00,2026-07-31T03:42:05.742786+00:00,"failed: evel=fatal msg=""running delay: error running chaos command: failed to delay packets for one or more containers: netem failed: error running tc command on container: qdisc add dev eth0 root netem delay 500ms 10ms 20.00: tc qdisc add dev eth0 root netem delay 500ms 10ms 20.00 failed with exit code 2""
"
catalogue,NETWORK_LATENCY,3,0,195,2026-07-31T15:50:30.104692+00:00,2026-07-31T15:53:51.391419+00:00,ok
catalogue,NETWORK_LATENCY,3,0,128,2026-07-31T15:54:54.619478+00:00,2026-07-31T15:57:06.572463+00:00,ok
catalogue,NETWORK_LATENCY,3,1,120,2026-07-31T15:59:06.596078+00:00,2026-07-31T16:01:12.190506+00:00,ok
catalogue,NETWORK_LATENCY,3,2,197,2026-07-31T16:03:12.194427+00:00,2026-07-31T16:06:33.606567+00:00,ok
catalogue,NETWORK_LATENCY,3,3,274,2026-07-31T16:08:33.613800+00:00,2026-07-31T16:13:12.208675+00:00,ok
catalogue,NETWORK_LATENCY,3,4,69,2026-07-31T16:15:12.212424+00:00,2026-07-31T16:16:30.886554+00:00,ok
